scenario,policy,seed,overload_events_pre,unserved_pre,migrations_pre,util_std_pre,active_hosts_pre,overload_events_post,unserved_post,migrations_post,util_std_post,active_hosts_post
none,first_fit,0,50.0,54.02536620578557,50.0,0.13835111722589702,7.825,12.0,18.51874720111661,12.0,0.23999057494634882,7.48
none,best_fit,0,67.0,87.7486325042243,67.0,0.1311336381164697,7.83,27.0,35.34969159916831,27.0,0.3030636071268343,7.7
none,best_fit_proactive,0,0.0,0.0,44.0,0.14976412061153382,8.915,0.0,0.0,24.0,0.20938894382776485,7.695
none,predictive,0,46.0,64.28528935692196,46.0,0.15408897037326338,7.885,13.0,14.955749062833789,13.0,0.25614824215129156,7.35
none,predictive_proactive,0,0.0,0.0,48.0,0.14449832808969262,8.83,0.0,0.0,27.0,0.2372332268242684,8.225
none,predictive_proactive_aug,0,0.0,0.0,47.0,0.1437246023383787,8.83,0.0,0.0,25.0,0.2631887139277371,8.69
none,first_fit,1,45.0,53.96799468631285,45.0,0.18131013951095845,8.21,23.0,26.065127144036055,23.0,0.24847847047244356,6.43
none,best_fit,1,58.0,73.31943276463694,58.0,0.19296619364872647,8.225,25.0,36.89045360925836,25.0,0.2505987072736465,6.36
none,best_fit_proactive,1,0.0,0.0,47.0,0.16860170658742496,9.25,0.0,0.0,24.0,0.21649061232059622,6.59
none,predictive,1,44.0,54.65075801020876,44.0,0.20412125472816683,8.265,16.0,14.714231989458128,16.0,0.2986511403298638,6.95
none,predictive_proactive,1,0.0,0.0,42.0,0.17670101406588323,9.305,0.0,0.0,26.0,0.2544246673820112,7.415
none,predictive_proactive_aug,1,0.0,0.0,45.0,0.15481848612286278,9.305,0.0,0.0,27.0,0.2409093742644868,7.475
none,first_fit,2,50.0,65.63259116668092,50.0,0.1684291890418455,8.04,14.0,14.233248081861149,14.0,0.2471533800551516,6.68
none,best_fit,2,59.0,55.88353849224589,59.0,0.18588724982790908,8.08,24.0,25.14295691158759,24.0,0.2695529100794175,6.865
none,best_fit_proactive,2,0.0,0.0,42.0,0.15878049096237293,9.03,0.0,0.0,20.0,0.2468696975255385,8.035
none,predictive,2,38.0,31.404186566647823,38.0,0.16148665477945123,8.09,11.0,14.897213651784995,11.0,0.3244162548680467,7.44
none,predictive_proactive,2,0.0,0.0,43.0,0.1517337144959218,9.05,0.0,0.0,23.0,0.2247236804867985,7.45
none,predictive_proactive_aug,2,0.0,0.0,43.0,0.15728318490018295,9.01,0.0,0.0,22.0,0.21967043874239478,7.19
none,first_fit,3,48.0,60.136263529834025,48.0,0.1328248407459847,7.22,10.0,13.397132611567116,10.0,0.2467490483412733,7.275
none,best_fit,3,56.0,80.81330701733582,56.0,0.12660518965256518,7.15,22.0,18.954082463521004,22.0,0.25675032798079295,7.19
none,best_fit_proactive,3,0.0,0.0,43.0,0.16568311214067274,8.17,0.0,0.0,26.0,0.2573654628486613,8.595
none,predictive,3,39.0,36.19941628019299,39.0,0.15183988324567885,7.32,16.0,18.3626502019266,16.0,0.24497416869281047,7.2
none,predictive_proactive,3,0.0,0.0,42.0,0.1589661612875075,8.22,0.0,0.0,26.0,0.25284163053688913,8.88
none,predictive_proactive_aug,3,0.0,0.0,42.0,0.14585715304609326,8.105,0.0,0.0,29.0,0.19333446377613625,8.0
none,first_fit,4,50.0,50.385053415014696,50.0,0.12826690154491097,8.25,14.0,19.79287268952781,14.0,0.23649560468760747,6.47
none,best_fit,4,64.0,67.72161601752748,64.0,0.1505877522582054,8.25,16.0,14.035659620865445,16.0,0.30592925905007884,7.2
none,best_fit_proactive,4,1.0,1.946619477118091,42.0,0.1383718646140969,9.33,0.0,0.0,23.0,0.22967670197071924,7.055
none,predictive,4,47.0,61.55557332653953,47.0,0.1381121206404422,8.25,8.0,10.437687491967424,8.0,0.29631539535679857,7.01
none,predictive_proactive,4,1.0,1.946619477118091,46.0,0.1285764625940251,9.21,0.0,0.0,20.0,0.23612093266630724,7.4
none,predictive_proactive_aug,4,1.0,1.946619477118091,46.0,0.19315847964256863,9.745,0.0,0.0,22.0,0.25277043553323414,7.21
none,first_fit,5,46.0,47.53610423113132,46.0,0.1298675790871198,7.975,15.0,15.140538729941,15.0,0.25187056533834273,7.47
none,best_fit,5,49.0,57.79445423251492,49.0,0.15522468729575242,8.005,31.0,34.933165670698486,31.0,0.2949414784452489,7.39
none,best_fit_proactive,5,1.0,0.6768967787584188,46.0,0.15179449134042486,8.965,0.0,0.0,23.0,0.24442558288790386,7.905
none,predictive,5,32.0,33.95199140477378,32.0,0.1476861059924395,7.995,14.0,13.398078874410928,14.0,0.25674543625022755,6.905
none,predictive_proactive,5,0.0,0.0,44.0,0.15374916832375796,8.965,0.0,0.0,27.0,0.27176553768230166,9.23
none,predictive_proactive_aug,5,0.0,0.0,44.0,0.15282067192455107,8.965,0.0,0.0,22.0,0.23933783104163936,7.815
none,first_fit,6,43.0,58.264427278728476,43.0,0.19701945367601503,7.735,10.0,11.436642044074603,10.0,0.24828502902964694,7.805
none,best_fit,6,42.0,55.597320772136314,42.0,0.16289430573100913,7.34,18.0,16.31050814271427,18.0,0.2356026760258372,7.49
none,best_fit_proactive,6,2.0,3.6910780889626125,44.0,0.18879208604297262,8.255,0.0,0.0,25.0,0.2447203614353581,8.58
none,predictive,6,42.0,41.95647586284339,42.0,0.154760462230594,7.35,12.0,13.376325554185286,12.0,0.2597780157124601,7.86
none,predictive_proactive,6,0.0,0.0,40.0,0.1487123175379174,8.265,0.0,0.0,24.0,0.2198973324984889,8.295
none,predictive_proactive_aug,6,0.0,0.0,40.0,0.14956568774773796,8.265,0.0,0.0,25.0,0.1945794881642116,8.225
none,first_fit,7,49.0,67.19152518090314,49.0,0.16534216039460525,8.05,26.0,29.725160629491242,26.0,0.27195993443707506,7.445
none,best_fit,7,66.0,86.70363190783857,66.0,0.18570591006751186,8.035,17.0,18.02126474015786,17.0,0.2803257160645922,7.28
none,best_fit_proactive,7,1.0,2.3903156486204864,51.0,0.1634405816632279,8.985,0.0,0.0,19.0,0.23152045703318172,7.825
none,predictive,7,42.0,46.60244754022423,42.0,0.17477342587405786,8.09,14.0,15.9219449309484,14.0,0.2520974730426451,7.175
none,predictive_proactive,7,0.0,0.0,50.0,0.17466591415381383,9.01,0.0,0.0,23.0,0.2710869955885329,8.56
none,predictive_proactive_aug,7,0.0,0.0,50.0,0.18437896804420062,8.98,0.0,0.0,20.0,0.2876856799966108,8.29
none,first_fit,8,48.0,51.186444660142826,48.0,0.19143981711565014,7.74,9.0,6.178925760864701,9.0,0.2627977644046611,7.875
none,best_fit,8,65.0,73.24412278844486,65.0,0.16121248731033533,7.315,9.0,12.90021633004659,9.0,0.27348706824292274,7.9
none,best_fit_proactive,8,0.0,0.0,53.0,0.17522611704515564,8.675,0.0,0.0,16.0,0.2635507079583445,8.205
none,predictive,8,33.0,33.77539477872905,33.0,0.18634111642454218,7.745,6.0,8.57679964310195,6.0,0.29225816930469833,8.555
none,predictive_proactive,8,0.0,0.0,49.0,0.16722878407640476,8.54,0.0,0.0,16.0,0.24193030405359928,8.565
none,predictive_proactive_aug,8,0.0,0.0,50.0,0.17676071978454208,8.55,0.0,0.0,18.0,0.25723683694416477,8.79
none,first_fit,9,43.0,53.29624039999631,43.0,0.14078458857705783,8.07,16.0,19.522530839874733,16.0,0.2487222341472346,6.93
none,best_fit,9,46.0,56.13984694305418,46.0,0.15347260788192252,8.08,22.0,31.054240522715986,22.0,0.3047676133780875,6.93
none,best_fit_proactive,9,0.0,0.0,41.0,0.15955427502459907,9.04,0.0,0.0,16.0,0.2680776491415858,8.29
none,predictive,9,44.0,56.15500720304341,44.0,0.14425832790372864,8.07,15.0,16.434063829245844,15.0,0.32548952907676904,7.48
none,predictive_proactive,9,0.0,0.0,40.0,0.15936989408800414,9.3,0.0,0.0,15.0,0.26337683669623835,8.31
none,predictive_proactive_aug,9,0.0,0.0,41.0,0.18192548030224256,9.415,0.0,0.0,27.0,0.25629871907114987,7.59
none,first_fit,10,50.0,61.04114868651672,50.0,0.17390003070437557,7.855,15.0,23.12947243753581,15.0,0.2994852703535366,7.92
none,best_fit,10,66.0,71.54625019027648,66.0,0.19919159803044806,7.845,20.0,20.12888946653341,20.0,0.2815510767743447,7.685
none,best_fit_proactive,10,0.0,0.0,47.0,0.19638169528027005,8.895,0.0,0.0,26.0,0.2615847418117952,8.315
none,predictive,10,44.0,52.60811834855495,44.0,0.18451649971901588,7.845,18.0,19.90242685611895,18.0,0.2808131530210767,7.835
none,predictive_proactive,10,0.0,0.0,39.0,0.15752170503745153,8.83,0.0,0.0,23.0,0.23176304992980923,7.735
none,predictive_proactive_aug,10,0.0,0.0,42.0,0.1606562965102524,8.945,0.0,0.0,27.0,0.2704288500994602,8.58
none,first_fit,11,32.0,44.338219185448835,32.0,0.1796874651358081,7.69,14.0,13.203034443991427,14.0,0.22033926073576524,6.62
none,best_fit,11,39.0,59.12332024136248,39.0,0.1982472058889943,7.67,16.0,19.221271352145052,16.0,0.19906204023072935,6.125
none,best_fit_proactive,11,0.0,0.0,36.0,0.16741132548572663,8.545,0.0,0.0,26.0,0.2557526767437558,8.445
none,predictive,11,26.0,27.26371287208852,26.0,0.19788884637667145,7.71,16.0,16.88065023637229,16.0,0.23698529940592844,6.14
none,predictive_proactive,11,0.0,0.0,34.0,0.17790796411447246,8.745,0.0,0.0,25.0,0.2547099279585383,7.735
none,predictive_proactive_aug,11,0.0,0.0,39.0,0.1742181134043917,8.725,0.0,0.0,24.0,0.2167371467279457,7.14
none,first_fit,12,44.0,58.677290031413634,44.0,0.15003066774708976,8.92,16.0,16.927671057240005,16.0,0.3054143960905068,7.36
none,best_fit,12,63.0,94.2122990579758,63.0,0.17138316132800052,8.89,12.0,14.44744514333297,12.0,0.2657189552708277,6.68
none,best_fit_proactive,12,0.0,0.0,55.0,0.14659411661663982,9.92,0.0,0.0,21.0,0.26014367397886573,8.79
none,predictive,12,36.0,46.28980708026873,36.0,0.15715400588391046,8.94,4.0,4.004186484275678,4.0,0.30079584071589816,7.235
none,predictive_proactive,12,0.0,0.0,50.0,0.14933863707470857,9.925,0.0,0.0,20.0,0.24185381146282214,7.355
none,predictive_proactive_aug,12,0.0,0.0,49.0,0.1573983701787319,9.915,0.0,0.0,21.0,0.24121057784370695,7.615
none,first_fit,13,54.0,62.82067643234733,54.0,0.15629852054831883,8.15,16.0,13.072246562867164,16.0,0.20526337963669675,7.15
none,best_fit,13,60.0,78.92763831540613,60.0,0.17933717006711278,8.175,21.0,31.302875613440946,21.0,0.24445193157596393,6.79
none,best_fit_proactive,13,0.0,0.0,43.0,0.15775409043003674,9.14,0.0,0.0,25.0,0.2171258892906027,8.795
none,predictive,13,40.0,45.688875561441535,40.0,0.17776668025204462,8.195,16.0,19.46142611558122,16.0,0.23100789212466297,6.695
none,predictive_proactive,13,0.0,0.0,39.0,0.15598688838693292,9.08,0.0,0.0,22.0,0.22870136362720828,8.52
none,predictive_proactive_aug,13,0.0,0.0,40.0,0.13458192607853076,8.945,0.0,0.0,26.0,0.23312596552861653,8.005
none,first_fit,14,60.0,81.27043780694413,60.0,0.13111985231378254,7.88,16.0,21.34039867140919,16.0,0.253076618623187,7.32
none,best_fit,14,67.0,87.43048028583111,67.0,0.15538208869770903,7.885,12.0,15.191576976210698,12.0,0.26452827674570295,7.15
none,best_fit_proactive,14,1.0,1.3977981531347865,51.0,0.18335309375256797,9.295,0.0,0.0,20.0,0.21224106564793552,7.585
none,predictive,14,53.0,68.50225565596155,53.0,0.16687923820385092,7.905,11.0,13.703509630097386,11.0,0.29709924111537445,7.015
none,predictive_proactive,14,1.0,1.3977981531347865,52.0,0.16145730941876404,8.9,0.0,0.0,19.0,0.24887517721815133,8.945
none,predictive_proactive_aug,14,1.0,1.3977981531347865,54.0,0.15780310641654866,8.895,0.0,0.0,25.0,0.2523432760788991,7.98
none,first_fit,15,67.0,72.40041040654408,67.0,0.16883716913867824,8.26,15.0,21.887987239650414,15.0,0.2837059798536063,7.885
none,best_fit,15,82.0,112.48836812744076,82.0,0.15860203131118808,8.195,16.0,17.570618462141056,16.0,0.2708692334366713,7.28
none,best_fit_proactive,15,1.0,2.093760994027434,46.0,0.15337948123983614,9.39,0.0,0.0,23.0,0.2740687108913758,8.36
none,predictive,15,52.0,70.74659515865285,52.0,0.15951063982862887,8.205,9.0,16.555513157503754,9.0,0.2927618759308255,7.39
none,predictive_proactive,15,1.0,3.093523421796263,45.0,0.16532376631870382,9.495,0.0,0.0,21.0,0.24043749011103763,8.06
none,predictive_proactive_aug,15,1.0,3.093523421796263,47.0,0.13413012235699967,9.175,0.0,0.0,18.0,0.2596920724793981,8.325
none,first_fit,16,38.0,53.59865634103585,38.0,0.15150000329017807,8.095,17.0,14.477424818036823,17.0,0.22599062135046913,6.865
none,best_fit,16,74.0,114.32837295198463,74.0,0.15927976558993145,8.075,11.0,14.14221380814341,11.0,0.27173038469889,8.395
none,best_fit_proactive,16,1.0,0.9539188134781256,53.0,0.16653440566206526,9.145,0.0,0.0,25.0,0.25034199025145204,7.955
none,predictive,16,40.0,52.84104599053296,40.0,0.15564608848863148,8.095,11.0,13.24256220889194,11.0,0.29521841281700306,8.115
none,predictive_proactive,16,0.0,0.0,45.0,0.16841218196160754,9.115,0.0,0.0,21.0,0.25326703046261234,8.515
none,predictive_proactive_aug,16,0.0,0.0,48.0,0.148845068030389,8.97,0.0,0.0,25.0,0.226134620852677,7.945
none,first_fit,17,45.0,63.41350354963858,45.0,0.16410723660396723,8.07,10.0,11.107729865790049,10.0,0.23773929561066937,7.44
none,best_fit,17,57.0,51.850331729116846,57.0,0.18065432601222992,8.06,9.0,13.829637295196974,9.0,0.2835391380869722,7.225
none,best_fit_proactive,17,0.0,0.0,41.0,0.15821444454872685,8.995,0.0,0.0,27.0,0.2579402760069724,8.54
none,predictive,17,43.0,44.061712402438815,43.0,0.16203524996099194,8.08,16.0,15.95104904709929,16.0,0.2929615096533798,7.72
none,predictive_proactive,17,0.0,0.0,40.0,0.14968235104700472,8.885,0.0,0.0,22.0,0.25734816416294787,8.39
none,predictive_proactive_aug,17,0.0,0.0,42.0,0.1507914602491266,8.885,0.0,0.0,23.0,0.23601404467613737,7.84
none,first_fit,18,49.0,64.55660904881599,49.0,0.18442344126871696,8.805,18.0,21.825345703254385,18.0,0.2603354623525891,7.475
none,best_fit,18,67.0,99.3937082898138,67.0,0.1464134244138561,8.46,14.0,18.032286736401616,14.0,0.26765532221536353,7.905
none,best_fit_proactive,18,0.0,0.0,49.0,0.14279673216830874,9.685,0.0,0.0,16.0,0.2741699193436499,8.89
none,predictive,18,47.0,57.17249584174286,47.0,0.18503571087655096,8.785,17.0,21.631035037955257,17.0,0.29907571524739707,8.27
none,predictive_proactive,18,0.0,0.0,51.0,0.13304804201283585,9.645,0.0,0.0,18.0,0.2519362809369436,9.45
none,predictive_proactive_aug,18,0.0,0.0,51.0,0.15997086289923268,9.8,0.0,0.0,16.0,0.26079505803134717,9.22
none,first_fit,19,63.0,79.37447747500067,63.0,0.14433884346536668,8.65,16.0,12.493100093710396,16.0,0.2737730118045901,7.545
none,best_fit,19,53.0,67.98884232737085,53.0,0.16268895244696296,8.68,10.0,8.631114630086955,10.0,0.27682802637069337,8.205
none,best_fit_proactive,19,0.0,0.0,53.0,0.1664503646537743,9.72,0.0,0.0,14.0,0.2728144039880291,9.39
none,predictive,19,55.0,57.16827376069811,55.0,0.13930600071579632,8.675,8.0,7.167210758924739,8.0,0.29053879766929186,8.27
none,predictive_proactive,19,0.0,0.0,46.0,0.13347660715465076,9.8,0.0,0.0,18.0,0.25276158113582303,8.895
none,predictive_proactive_aug,19,0.0,0.0,45.0,0.15830410629079475,9.755,0.0,0.0,18.0,0.25351050976863976,9.215
none,first_fit,20,42.0,42.70919121788367,42.0,0.18631890021019623,7.225,22.0,20.967953825195124,22.0,0.19556649783442479,6.435
none,best_fit,20,49.0,46.39156553354745,49.0,0.1947102178035198,7.235,16.0,24.800992404646365,16.0,0.3090918682142417,6.6
none,best_fit_proactive,20,0.0,0.0,36.0,0.14321717386111554,8.035,0.0,0.0,34.0,0.28407825046892665,7.925
none,predictive,20,32.0,40.33653026124652,32.0,0.19703095751360578,7.255,12.0,7.3973901425192,12.0,0.3055690468941839,6.76
none,predictive_proactive,20,0.0,0.0,37.0,0.16462887384672834,7.995,0.0,0.0,29.0,0.2282986697395976,7.14
none,predictive_proactive_aug,20,0.0,0.0,36.0,0.15939583819183104,8.015,0.0,0.0,24.0,0.2392636506747,6.9
none,first_fit,21,61.0,83.28752644059917,61.0,0.13680560473316716,7.98,16.0,19.509313489046235,16.0,0.2744652430534791,7.395
none,best_fit,21,77.0,96.88150023289225,77.0,0.1436600458439464,7.97,14.0,18.172603395674173,14.0,0.2783299472349667,6.98
none,best_fit_proactive,21,0.0,0.0,43.0,0.13351218226318984,8.81,0.0,0.0,19.0,0.19846377199160256,7.88
none,predictive,21,45.0,44.366142790674616,45.0,0.1523862093408707,8.09,7.0,6.116689115829786,7.0,0.23644028157354982,7.525
none,predictive_proactive,21,0.0,0.0,41.0,0.15661442754198404,9.31,0.0,0.0,18.0,0.22610730695629777,7.26
none,predictive_proactive_aug,21,0.0,0.0,38.0,0.16550619027276972,9.31,0.0,0.0,25.0,0.2621812330634476,7.305
none,first_fit,22,50.0,53.92730362181979,50.0,0.13969032549932772,7.955,5.0,4.62749768636246,5.0,0.21649184269992683,7.115
none,best_fit,22,64.0,81.22906360072997,64.0,0.1650534943160254,8.03,20.0,21.51209997212952,20.0,0.2510865013366083,7.025
none,best_fit_proactive,22,0.0,0.0,49.0,0.15948426578058864,9.13,0.0,0.0,21.0,0.24882563119554696,8.515
none,predictive,22,47.0,44.78704642399276,47.0,0.22055250371688942,8.475,12.0,11.513497069691468,12.0,0.3016455113000357,8.105
none,predictive_proactive,22,0.0,0.0,48.0,0.1288920596042283,8.855,0.0,0.0,21.0,0.24128467861550845,8.58
none,predictive_proactive_aug,22,0.0,0.0,50.0,0.17131473915761483,9.285,0.0,0.0,22.0,0.27447258414340736,8.82
none,first_fit,23,57.0,67.4594136737253,57.0,0.12100763295598042,8.065,10.0,10.771211451591242,10.0,0.2409946549305297,7.8
none,best_fit,23,65.0,85.9545870304542,65.0,0.135108967249922,8.065,12.0,12.461919472442887,12.0,0.27341274515095426,7.65
none,best_fit_proactive,23,0.0,0.0,55.0,0.1720060021678319,9.365,0.0,0.0,17.0,0.24765322143090862,8.66
none,predictive,23,42.0,46.07745115171062,42.0,0.18415493900154167,8.51,8.0,6.116337031458102,8.0,0.27956175220371876,7.785
none,predictive_proactive,23,0.0,0.0,49.0,0.16093105241410405,9.415,0.0,0.0,22.0,0.24966317532809726,8.365
none,predictive_proactive_aug,23,0.0,0.0,51.0,0.15223275080995435,9.36,0.0,0.0,15.0,0.247092694650496,8.585
none,first_fit,24,42.0,51.17962263086538,42.0,0.1843069888347536,7.34,25.0,31.386114468240763,25.0,0.27236867966356454,7.09
none,best_fit,24,45.0,52.02383647752285,45.0,0.19030844299916524,7.34,27.0,45.542283873280326,27.0,0.24683669608925485,6.685
none,best_fit_proactive,24,1.0,0.8066389174081081,36.0,0.1732076424511506,8.3,0.0,0.0,24.0,0.25980659076190915,8.09
none,predictive,24,31.0,34.08659829807095,31.0,0.1887355671747352,7.38,27.0,25.97948522459461,27.0,0.3204995270469614,7.54
none,predictive_proactive,24,1.0,0.8066389174081081,37.0,0.18273207647319778,8.235,0.0,0.0,29.0,0.25052994349827523,7.77
none,predictive_proactive_aug,24,0.0,0.0,39.0,0.19314752374110936,8.23,0.0,0.0,31.0,0.23266441923530337,7.4
none,first_fit,25,45.0,54.801364407683295,45.0,0.15822699068086643,7.205,12.0,15.282520269786474,12.0,0.2595874417650235,7.31
none,best_fit,25,54.0,69.95484796137569,54.0,0.16453212664563954,7.205,19.0,22.68828224025502,19.0,0.24571173304281227,7.1
none,best_fit_proactive,25,0.0,0.0,43.0,0.1668121484178117,7.94,0.0,0.0,19.0,0.22361908029958485,8.8
none,predictive,25,34.0,47.70108228307977,34.0,0.15762685028257317,7.195,10.0,11.391483635999407,10.0,0.22553150245177306,7.02
none,predictive_proactive,25,0.0,0.0,38.0,0.13941991954356614,8.04,0.0,0.0,24.0,0.2135514417992216,8.11
none,predictive_proactive_aug,25,0.0,0.0,42.0,0.14304545863661677,7.99,0.0,0.0,22.0,0.22722815755400178,8.1
none,first_fit,26,38.0,48.14532287995587,38.0,0.17739391960831072,8.225,5.0,4.633328887457722,5.0,0.2732584542151877,7.56
none,best_fit,26,54.0,67.22614905633704,54.0,0.1849105613011112,8.215,10.0,11.667081947270432,10.0,0.3106935564677299,8.04
none,best_fit_proactive,26,0.0,0.0,43.0,0.1572929759101569,9.17,0.0,0.0,23.0,0.2708593195146824,8.545
none,predictive,26,35.0,41.98588422085622,35.0,0.17362826868895825,8.245,14.0,16.522718666687354,14.0,0.3026089131313547,7.655
none,predictive_proactive,26,0.0,0.0,42.0,0.1537078389952379,9.165,0.0,0.0,23.0,0.30471428194344247,9.3
none,predictive_proactive_aug,26,0.0,0.0,42.0,0.15367244774239436,9.165,0.0,0.0,23.0,0.30471428194344247,9.3
none,first_fit,27,46.0,49.85704944908646,46.0,0.16066386017938541,8.08,9.0,10.4550979415487,9.0,0.2489201820470268,7.105
none,best_fit,27,61.0,78.6700317931752,61.0,0.18434222472385697,8.13,9.0,7.830791329551147,9.0,0.2865418633691172,7.665
none,best_fit_proactive,27,0.0,0.0,51.0,0.15947716800182513,9.035,0.0,0.0,17.0,0.26187008520672245,8.755
none,predictive,27,46.0,50.32784106034356,46.0,0.17526822345809376,8.095,17.0,21.157400868829,17.0,0.26622576282933846,7.08
none,predictive_proactive,27,0.0,0.0,52.0,0.1428419372561864,9.08,0.0,0.0,15.0,0.2610651935428625,9.26
none,predictive_proactive_aug,27,0.0,0.0,52.0,0.14970172601206588,9.08,0.0,0.0,16.0,0.24105335097581582,8.82
none,first_fit,28,47.0,59.48783692989673,47.0,0.174219994826597,8.235,9.0,13.149860963605235,9.0,0.2872904890305383,7.79
none,best_fit,28,57.0,81.44729448967394,57.0,0.17084561401485893,8.065,19.0,25.6746199720712,19.0,0.30414188442791956,7.96
none,best_fit_proactive,28,0.0,0.0,57.0,0.18141937346814316,9.165,0.0,0.0,26.0,0.24982110306677885,8.055
none,predictive,28,29.0,32.40697783336665,29.0,0.18403720922448819,8.29,8.0,13.758750120636222,8.0,0.2652218939534905,7.73
none,predictive_proactive,28,0.0,0.0,51.0,0.16020315120927045,9.115,0.0,0.0,17.0,0.21545682741828223,8.185
none,predictive_proactive_aug,28,0.0,0.0,48.0,0.13288807102448297,9.175,0.0,0.0,18.0,0.24379414890613418,9.14
none,first_fit,29,58.0,86.79976377922141,58.0,0.1598849317894069,8.47,6.0,8.30296398248484,6.0,0.2773948711166952,6.555
none,best_fit,29,71.0,88.0548645556761,71.0,0.1534923134552211,8.44,10.0,12.83579379716626,10.0,0.2365866100371438,6.31
none,best_fit_proactive,29,0.0,0.0,53.0,0.1979129389652864,9.905,0.0,0.0,20.0,0.2725134404675335,6.87
none,predictive,29,39.0,55.293681628068086,39.0,0.14528086101621135,8.45,7.0,9.048352553860568,7.0,0.23558147458215664,5.865
none,predictive_proactive,29,0.0,0.0,49.0,0.1572007421478659,9.88,0.0,0.0,16.0,0.25768219961948974,7.615
none,predictive_proactive_aug,29,0.0,0.0,50.0,0.18030476041470347,9.865,0.0,0.0,15.0,0.22287949907956028,7.54
ramp,first_fit,0,50.0,54.02536620578557,50.0,0.13835111722589702,7.825,46.0,66.89344996925193,46.0,0.21292491537549155,10.53
ramp,best_fit,0,67.0,87.7486325042243,67.0,0.1311336381164697,7.83,57.0,104.17645399893708,57.0,0.21373017607121447,9.985
ramp,best_fit_proactive,0,0.0,0.0,44.0,0.14976412061153382,8.915,3.0,1.795114290270945,51.0,0.219667874524383,11.305
ramp,predictive,0,46.0,64.28528935692196,46.0,0.15408897037326338,7.885,49.0,72.09285101351394,49.0,0.18631723752809926,9.495
ramp,predictive_proactive,0,0.0,0.0,48.0,0.14449832808969262,8.83,0.0,0.0,39.0,0.19317665282213517,11.27
ramp,predictive_proactive_aug,0,0.0,0.0,47.0,0.1437246023383787,8.83,1.0,1.2003187887058573,44.0,0.18953164090386898,11.36
ramp,first_fit,1,45.0,53.96799468631285,45.0,0.18131013951095845,8.21,35.0,51.190414324532455,35.0,0.2066263664516158,8.185
ramp,best_fit,1,58.0,73.31943276463694,58.0,0.19296619364872647,8.225,43.0,78.99102292895776,43.0,0.21941249306911806,8.21
ramp,best_fit_proactive,1,0.0,0.0,47.0,0.16860170658742496,9.25,0.0,0.0,37.0,0.19461540127943577,8.73
ramp,predictive,1,44.0,54.65075801020876,44.0,0.20412125472816683,8.265,40.0,61.04748291804435,40.0,0.24408176069878956,8.45
ramp,predictive_proactive,1,0.0,0.0,42.0,0.17670101406588323,9.305,1.0,0.9420014329147364,32.0,0.20640885668287667,9.34
ramp,predictive_proactive_aug,1,0.0,0.0,45.0,0.15481848612286278,9.305,0.0,0.0,32.0,0.19641329279161454,9.065
ramp,first_fit,2,50.0,65.63259116668092,50.0,0.1684291890418455,8.04,21.0,31.845317167888837,21.0,0.19643419133572343,8.79
ramp,best_fit,2,59.0,55.88353849224589,59.0,0.18588724982790908,8.08,37.0,47.59677930244568,37.0,0.22243545528727593,8.72
ramp,best_fit_proactive,2,0.0,0.0,42.0,0.15878049096237293,9.03,0.0,0.0,33.0,0.20458459468741716,9.43
ramp,predictive,2,38.0,31.404186566647823,38.0,0.16148665477945123,8.09,14.0,23.55914565977433,14.0,0.17929230643895866,8.855
ramp,predictive_proactive,2,0.0,0.0,43.0,0.1517337144959218,9.05,0.0,0.0,25.0,0.18712771020517047,9.775
ramp,predictive_proactive_aug,2,0.0,0.0,43.0,0.15728318490018295,9.01,0.0,0.0,27.0,0.14610197917614282,8.92
ramp,first_fit,3,48.0,60.136263529834025,48.0,0.1328248407459847,7.22,40.0,64.13126539469039,40.0,0.13587394266768002,9.385
ramp,best_fit,3,56.0,80.81330701733582,56.0,0.12660518965256518,7.15,53.0,88.02070992067756,53.0,0.1616154599027898,9.5
ramp,best_fit_proactive,3,0.0,0.0,43.0,0.16568311214067274,8.17,0.0,0.0,42.0,0.18323801978165108,10.65
ramp,predictive,3,39.0,36.19941628019299,39.0,0.15183988324567885,7.32,54.0,89.39637336736382,54.0,0.21046194819563468,9.83
ramp,predictive_proactive,3,0.0,0.0,42.0,0.1589661612875075,8.22,0.0,0.0,35.0,0.20839281137914997,11.235
ramp,predictive_proactive_aug,3,0.0,0.0,42.0,0.14585715304609326,8.105,0.0,0.0,34.0,0.1767900865556506,10.98
ramp,first_fit,4,50.0,50.385053415014696,50.0,0.12826690154491097,8.25,37.0,63.75881891930155,37.0,0.2277121726869946,8.155
ramp,best_fit,4,64.0,67.72161601752748,64.0,0.1505877522582054,8.25,62.0,106.40196167214143,62.0,0.20572684226435775,8.12
ramp,best_fit_proactive,4,1.0,1.946619477118091,42.0,0.1383718646140969,9.33,0.0,0.0,37.0,0.1985185064888143,9.115
ramp,predictive,4,47.0,61.55557332653953,47.0,0.1381121206404422,8.25,48.0,85.83059605085958,48.0,0.19727805628710648,8.07
ramp,predictive_proactive,4,1.0,1.946619477118091,46.0,0.1285764625940251,9.21,2.0,2.211676519792931,44.0,0.17240267720222147,8.535
ramp,predictive_proactive_aug,4,1.0,1.946619477118091,46.0,0.19315847964256863,9.745,0.0,0.0,44.0,0.2450578500329957,9.785
ramp,first_fit,5,46.0,47.53610423113132,46.0,0.1298675790871198,7.975,40.0,84.05345005260216,40.0,0.21268231033055834,9.69
ramp,best_fit,5,49.0,57.79445423251492,49.0,0.15522468729575242,8.005,72.0,136.88216250158757,72.0,0.2205689286188703,9.345
ramp,best_fit_proactive,5,1.0,0.6768967787584188,46.0,0.15179449134042486,8.965,2.0,1.7871212990923766,37.0,0.18226105334260237,9.915
ramp,predictive,5,32.0,33.95199140477378,32.0,0.1476861059924395,7.995,58.0,95.27454153139043,58.0,0.19959600535644564,9.145
ramp,predictive_proactive,5,0.0,0.0,44.0,0.15374916832375796,8.965,1.0,0.39734694757977707,41.0,0.22255736209831067,11.195
ramp,predictive_proactive_aug,5,0.0,0.0,44.0,0.15282067192455107,8.965,0.0,0.0,45.0,0.18624230431935854,10.235
ramp,first_fit,6,43.0,58.264427278728476,43.0,0.19701945367601503,7.735,51.0,106.53572227533753,51.0,0.2259670078492261,10.81
ramp,best_fit,6,42.0,55.597320772136314,42.0,0.16289430573100913,7.34,83.0,125.53464661789134,83.0,0.24695407760220953,10.475
ramp,best_fit_proactive,6,2.0,3.6910780889626125,44.0,0.18879208604297262,8.255,0.0,0.0,51.0,0.19854901304205141,11.695
ramp,predictive,6,42.0,41.95647586284339,42.0,0.154760462230594,7.35,64.0,117.80667949563366,64.0,0.2128883719993809,10.09
ramp,predictive_proactive,6,0.0,0.0,40.0,0.1487123175379174,8.265,0.0,0.0,48.0,0.19031419155921228,11.605
ramp,predictive_proactive_aug,6,0.0,0.0,40.0,0.14956568774773796,8.265,1.0,0.034782583873862905,49.0,0.2089530796600213,11.7
ramp,first_fit,7,49.0,67.19152518090314,49.0,0.16534216039460525,8.05,53.0,90.78452833155863,53.0,0.1918097361183017,9.205
ramp,best_fit,7,66.0,86.70363190783857,66.0,0.18570591006751186,8.035,57.0,108.18994842279147,57.0,0.24447430222557923,9.91
ramp,best_fit_proactive,7,1.0,2.3903156486204864,51.0,0.1634405816632279,8.985,0.0,0.0,43.0,0.2319087043708942,10.895
ramp,predictive,7,42.0,46.60244754022423,42.0,0.17477342587405786,8.09,55.0,98.40078796292362,55.0,0.23580419328058738,9.535
ramp,predictive_proactive,7,0.0,0.0,50.0,0.17466591415381383,9.01,0.0,0.0,41.0,0.19615738213979203,10.915
ramp,predictive_proactive_aug,7,0.0,0.0,50.0,0.18437896804420062,8.98,0.0,0.0,41.0,0.1811622760114283,10.78
ramp,first_fit,8,48.0,51.186444660142826,48.0,0.19143981711565014,7.74,43.0,73.82908783479671,43.0,0.1569878916567949,8.71
ramp,best_fit,8,65.0,73.24412278844486,65.0,0.16121248731033533,7.315,72.0,139.01329711088965,72.0,0.183026663080086,8.94
ramp,best_fit_proactive,8,0.0,0.0,53.0,0.17522611704515564,8.675,0.0,0.0,38.0,0.21842941305448593,10.49
ramp,predictive,8,33.0,33.77539477872905,33.0,0.18634111642454218,7.745,48.0,72.88022672208842,48.0,0.1853155027939354,8.795
ramp,predictive_proactive,8,0.0,0.0,49.0,0.16722878407640476,8.54,0.0,0.0,34.0,0.18749354765102585,10.74
ramp,predictive_proactive_aug,8,0.0,0.0,50.0,0.17676071978454208,8.55,0.0,0.0,37.0,0.1970327132904682,10.365
ramp,first_fit,9,43.0,53.29624039999631,43.0,0.14078458857705783,8.07,35.0,67.37033548228334,35.0,0.20505807476718957,8.405
ramp,best_fit,9,46.0,56.13984694305418,46.0,0.15347260788192252,8.08,67.0,109.80359951355769,67.0,0.18428897737160072,7.96
ramp,best_fit_proactive,9,0.0,0.0,41.0,0.15955427502459907,9.04,0.0,0.0,40.0,0.21628870536724093,9.375
ramp,predictive,9,44.0,56.15500720304341,44.0,0.14425832790372864,8.07,61.0,84.40281999365148,61.0,0.18423326084170555,7.755
ramp,predictive_proactive,9,0.0,0.0,40.0,0.15936989408800414,9.3,1.0,0.25183402889248896,43.0,0.23506001734664864,9.805
ramp,predictive_proactive_aug,9,0.0,0.0,41.0,0.18192548030224256,9.415,0.0,0.0,41.0,0.19044805687032215,9.335
ramp,first_fit,10,50.0,61.04114868651672,50.0,0.17390003070437557,7.855,50.0,97.48868037188245,50.0,0.2149769380266428,10.15
ramp,best_fit,10,66.0,71.54625019027648,66.0,0.19919159803044806,7.845,73.0,142.12223749041607,73.0,0.2594687306925019,10.3
ramp,best_fit_proactive,10,0.0,0.0,47.0,0.19638169528027005,8.895,2.0,1.1630448612365,49.0,0.18661994334736776,11.545
ramp,predictive,10,44.0,52.60811834855495,44.0,0.18451649971901588,7.845,53.0,105.71683166466748,53.0,0.214493593385493,10.655
ramp,predictive_proactive,10,0.0,0.0,39.0,0.15752170503745153,8.83,0.0,0.0,43.0,0.17098492688991132,11.385
ramp,predictive_proactive_aug,10,0.0,0.0,42.0,0.1606562965102524,8.945,0.0,0.0,37.0,0.1955609882065353,11.62
ramp,first_fit,11,32.0,44.338219185448835,32.0,0.1796874651358081,7.69,37.0,69.4262874462423,37.0,0.2139150711097522,8.26
ramp,best_fit,11,39.0,59.12332024136248,39.0,0.1982472058889943,7.67,75.0,130.89220857297357,75.0,0.2513218638978671,8.19
ramp,best_fit_proactive,11,0.0,0.0,36.0,0.16741132548572663,8.545,0.0,0.0,44.0,0.21484606662295572,9.53
ramp,predictive,11,26.0,27.26371287208852,26.0,0.19788884637667145,7.71,55.0,89.50676342037966,55.0,0.21548406863372885,8.055
ramp,predictive_proactive,11,0.0,0.0,34.0,0.17790796411447246,8.745,0.0,0.0,46.0,0.20432451130953944,9.56
ramp,predictive_proactive_aug,11,0.0,0.0,39.0,0.1742181134043917,8.725,1.0,0.0009080652936859224,43.0,0.19008994949484057,9.0
ramp,first_fit,12,44.0,58.677290031413634,44.0,0.15003066774708976,8.92,26.0,46.06190989372347,26.0,0.28149874156480886,8.435
ramp,best_fit,12,63.0,94.2122990579758,63.0,0.17138316132800052,8.89,44.0,59.803798957156005,44.0,0.24088415568326738,7.66
ramp,best_fit_proactive,12,0.0,0.0,55.0,0.14659411661663982,9.92,0.0,0.0,27.0,0.26255834123477123,9.365
ramp,predictive,12,36.0,46.28980708026873,36.0,0.15715400588391046,8.94,31.0,37.277799670170396,31.0,0.2969096365116359,8.405
ramp,predictive_proactive,12,0.0,0.0,50.0,0.14933863707470857,9.925,0.0,0.0,28.0,0.2367857233917028,8.835
ramp,predictive_proactive_aug,12,0.0,0.0,49.0,0.1573983701787319,9.915,0.0,0.0,27.0,0.23964759631022658,8.99
ramp,first_fit,13,54.0,62.82067643234733,54.0,0.15629852054831883,8.15,41.0,84.28156409356492,41.0,0.21272628266064253,10.55
ramp,best_fit,13,60.0,78.92763831540613,60.0,0.17933717006711278,8.175,79.0,136.69814699402525,79.0,0.25933434770882613,10.73
ramp,best_fit_proactive,13,0.0,0.0,43.0,0.15775409043003674,9.14,0.0,0.0,51.0,0.1666930388150461,10.23
ramp,predictive,13,40.0,45.688875561441535,40.0,0.17776668025204462,8.195,63.0,121.82037490332462,63.0,0.24290729701866914,10.97
ramp,predictive_proactive,13,0.0,0.0,39.0,0.15598688838693292,9.08,3.0,4.034399814117677,51.0,0.2235533308478194,11.21
ramp,predictive_proactive_aug,13,0.0,0.0,40.0,0.13458192607853076,8.945,0.0,0.0,47.0,0.23238609829767407,11.565
ramp,first_fit,14,60.0,81.27043780694413,60.0,0.13111985231378254,7.88,58.0,120.21319004861928,58.0,0.2460087026168496,9.955
ramp,best_fit,14,67.0,87.43048028583111,67.0,0.15538208869770903,7.885,84.0,171.3721385322504,84.0,0.23824751555588414,9.855
ramp,best_fit_proactive,14,1.0,1.3977981531347865,51.0,0.18335309375256797,9.295,1.0,0.25722961662924604,47.0,0.2368192900717486,11.23
ramp,predictive,14,53.0,68.50225565596155,53.0,0.16687923820385092,7.905,64.0,113.22008421161252,64.0,0.22157662989221197,9.205
ramp,predictive_proactive,14,1.0,1.3977981531347865,52.0,0.16145730941876404,8.9,1.0,1.8418019354829624,42.0,0.19518867028635462,10.985
ramp,predictive_proactive_aug,14,1.0,1.3977981531347865,54.0,0.15780310641654866,8.895,1.0,1.2607504218608199,41.0,0.18626815961646365,10.4
ramp,first_fit,15,67.0,72.40041040654408,67.0,0.16883716913867824,8.26,38.0,74.95527806183527,38.0,0.2222820198432838,9.31
ramp,best_fit,15,82.0,112.48836812744076,82.0,0.15860203131118808,8.195,52.0,111.27342701762569,52.0,0.22723357067732144,9.955
ramp,best_fit_proactive,15,1.0,2.093760994027434,46.0,0.15337948123983614,9.39,1.0,0.46078431005740583,37.0,0.21738051782135825,11.025
ramp,predictive,15,52.0,70.74659515865285,52.0,0.15951063982862887,8.205,50.0,76.6711555458032,50.0,0.24502467857117047,10.07
ramp,predictive_proactive,15,1.0,3.093523421796263,45.0,0.16532376631870382,9.495,0.0,0.0,39.0,0.2246306727605104,10.135
ramp,predictive_proactive_aug,15,1.0,3.093523421796263,47.0,0.13413012235699967,9.175,0.0,0.0,29.0,0.2190283749303231,10.2
ramp,first_fit,16,38.0,53.59865634103585,38.0,0.15150000329017807,8.095,51.0,82.70920458371944,51.0,0.22227818895154988,9.295
ramp,best_fit,16,74.0,114.32837295198463,74.0,0.15927976558993145,8.075,77.0,138.33849015058843,77.0,0.2346244208129856,9.085
ramp,best_fit_proactive,16,1.0,0.9539188134781256,53.0,0.16653440566206526,9.145,4.0,4.468565265842372,46.0,0.20782741164690016,10.385
ramp,predictive,16,40.0,52.84104599053296,40.0,0.15564608848863148,8.095,51.0,93.84110520067075,51.0,0.2307334166300011,8.885
ramp,predictive_proactive,16,0.0,0.0,45.0,0.16841218196160754,9.115,0.0,0.0,47.0,0.2349782298774894,10.825
ramp,predictive_proactive_aug,16,0.0,0.0,48.0,0.148845068030389,8.97,0.0,0.0,39.0,0.21664635888147935,10.625
ramp,first_fit,17,45.0,63.41350354963858,45.0,0.16410723660396723,8.07,51.0,103.88564081761972,51.0,0.25067471019027415,9.9
ramp,best_fit,17,57.0,51.850331729116846,57.0,0.18065432601222992,8.06,67.0,114.10077677463006,67.0,0.2592028642760749,9.27
ramp,best_fit_proactive,17,0.0,0.0,41.0,0.15821444454872685,8.995,0.0,0.0,47.0,0.2294644906763865,10.89
ramp,predictive,17,43.0,44.061712402438815,43.0,0.16203524996099194,8.08,62.0,115.2582894721947,62.0,0.23986660900842807,9.095
ramp,predictive_proactive,17,0.0,0.0,40.0,0.14968235104700472,8.885,0.0,0.0,55.0,0.21048854064588793,10.005
ramp,predictive_proactive_aug,17,0.0,0.0,42.0,0.1507914602491266,8.885,0.0,0.0,45.0,0.21265509695503768,10.025
ramp,first_fit,18,49.0,64.55660904881599,49.0,0.18442344126871696,8.805,46.0,92.13129057968646,46.0,0.22232186724725167,9.44
ramp,best_fit,18,67.0,99.3937082898138,67.0,0.1464134244138561,8.46,73.0,133.5499260291137,73.0,0.2682633013451428,9.755
ramp,best_fit_proactive,18,0.0,0.0,49.0,0.14279673216830874,9.685,2.0,4.79684587840805,42.0,0.23356805344920312,10.975
ramp,predictive,18,47.0,57.17249584174286,47.0,0.18503571087655096,8.785,63.0,121.57636249871624,63.0,0.2575707018005783,10.045
ramp,predictive_proactive,18,0.0,0.0,51.0,0.13304804201283585,9.645,0.0,0.0,39.0,0.20875174896568693,10.835
ramp,predictive_proactive_aug,18,0.0,0.0,51.0,0.15997086289923268,9.8,0.0,0.0,39.0,0.21707447044477887,11.11
ramp,first_fit,19,63.0,79.37447747500067,63.0,0.14433884346536668,8.65,48.0,95.23342592928886,48.0,0.2331678855294929,10.645
ramp,best_fit,19,53.0,67.98884232737085,53.0,0.16268895244696296,8.68,76.0,141.6628471892997,76.0,0.29028997282172214,10.095
ramp,best_fit_proactive,19,0.0,0.0,53.0,0.1664503646537743,9.72,1.0,0.203892562204814,43.0,0.21485745078716384,10.305
ramp,predictive,19,55.0,57.16827376069811,55.0,0.13930600071579632,8.675,64.0,117.68966261943743,64.0,0.24495715790509265,10.01
ramp,predictive_proactive,19,0.0,0.0,46.0,0.13347660715465076,9.8,1.0,0.29335913634474764,38.0,0.2290404416413801,11.345
ramp,predictive_proactive_aug,19,0.0,0.0,45.0,0.15830410629079475,9.755,5.0,10.451307387742787,44.0,0.18626737085647568,10.285
ramp,first_fit,20,42.0,42.70919121788367,42.0,0.18631890021019623,7.225,36.0,53.86483414763249,36.0,0.18906277519622264,8.68
ramp,best_fit,20,49.0,46.39156553354745,49.0,0.1947102178035198,7.235,47.0,95.07001558558844,47.0,0.20612540551262676,8.82
ramp,best_fit_proactive,20,0.0,0.0,36.0,0.14321717386111554,8.035,0.0,0.0,42.0,0.19546687782540118,9.645
ramp,predictive,20,32.0,40.33653026124652,32.0,0.19703095751360578,7.255,53.0,98.93897106186792,53.0,0.21837000041306012,8.665
ramp,predictive_proactive,20,0.0,0.0,37.0,0.16462887384672834,7.995,0.0,0.0,41.0,0.17764823300413884,9.25
ramp,predictive_proactive_aug,20,0.0,0.0,36.0,0.15939583819183104,8.015,0.0,0.0,43.0,0.18057645802525776,9.815
ramp,first_fit,21,61.0,83.28752644059917,61.0,0.13680560473316716,7.98,31.0,54.48115204379883,31.0,0.1797644872739761,7.78
ramp,best_fit,21,77.0,96.88150023289225,77.0,0.1436600458439464,7.97,45.0,94.75850064302776,45.0,0.24197799069626616,8.42
ramp,best_fit_proactive,21,0.0,0.0,43.0,0.13351218226318984,8.81,0.0,0.0,39.0,0.24024867078394163,9.51
ramp,predictive,21,45.0,44.366142790674616,45.0,0.1523862093408707,8.09,41.0,84.74587988729664,41.0,0.24578046026136133,8.455
ramp,predictive_proactive,21,0.0,0.0,41.0,0.15661442754198404,9.31,2.0,1.4288477288187522,43.0,0.2152873045318343,9.06
ramp,predictive_proactive_aug,21,0.0,0.0,38.0,0.16550619027276972,9.31,0.0,0.0,40.0,0.2579207352653687,9.24
ramp,first_fit,22,50.0,53.92730362181979,50.0,0.13969032549932772,7.955,27.0,27.227712701972266,27.0,0.20991202080009486,9.04
ramp,best_fit,22,64.0,81.22906360072997,64.0,0.1650534943160254,8.03,42.0,67.63388471911325,42.0,0.21807023889342042,9.0
ramp,best_fit_proactive,22,0.0,0.0,49.0,0.15948426578058864,9.13,1.0,0.7991829817514429,30.0,0.2365038666130009,10.2
ramp,predictive,22,47.0,44.78704642399276,47.0,0.22055250371688942,8.475,24.0,37.997520103644305,24.0,0.24401191589813798,9.19
ramp,predictive_proactive,22,0.0,0.0,48.0,0.1288920596042283,8.855,1.0,1.0348954984191892,32.0,0.1997110083341682,9.98
ramp,predictive_proactive_aug,22,0.0,0.0,50.0,0.17131473915761483,9.285,2.0,0.5113852054845864,35.0,0.18105682272085488,9.705
ramp,first_fit,23,57.0,67.4594136737253,57.0,0.12100763295598042,8.065,57.0,123.23463561202807,57.0,0.2499836254488173,9.795
ramp,best_fit,23,65.0,85.9545870304542,65.0,0.135108967249922,8.065,73.0,131.6086598242421,73.0,0.2591850752094531,10.24
ramp,best_fit_proactive,23,0.0,0.0,55.0,0.1720060021678319,9.365,4.0,3.80021096380554,50.0,0.23489382886225874,11.005
ramp,predictive,23,42.0,46.07745115171062,42.0,0.18415493900154167,8.51,62.0,118.01817792394576,62.0,0.21050448033448896,9.505
ramp,predictive_proactive,23,0.0,0.0,49.0,0.16093105241410405,9.415,0.0,0.0,42.0,0.20810293183647677,11.205
ramp,predictive_proactive_aug,23,0.0,0.0,51.0,0.15223275080995435,9.36,2.0,1.5837365171911983,43.0,0.19072863302661083,10.95
ramp,first_fit,24,42.0,51.17962263086538,42.0,0.1843069888347536,7.34,62.0,105.63476292034848,62.0,0.14191287030758834,9.095
ramp,best_fit,24,45.0,52.02383647752285,45.0,0.19030844299916524,7.34,86.0,145.41980106554064,86.0,0.16630554747275247,9.16
ramp,best_fit_proactive,24,1.0,0.8066389174081081,36.0,0.1732076424511506,8.3,0.0,0.0,54.0,0.16467880454038114,10.165
ramp,predictive,24,31.0,34.08659829807095,31.0,0.1887355671747352,7.38,64.0,127.29361236514939,64.0,0.16774670903381142,9.16
ramp,predictive_proactive,24,1.0,0.8066389174081081,37.0,0.18273207647319778,8.235,0.0,0.0,49.0,0.1795924011977964,10.5
ramp,predictive_proactive_aug,24,0.0,0.0,39.0,0.19314752374110936,8.23,2.0,1.7534565986612165,51.0,0.1675300071446921,10.105
ramp,first_fit,25,45.0,54.801364407683295,45.0,0.15822699068086643,7.205,31.0,49.67849559140146,31.0,0.20724150391100743,8.895
ramp,best_fit,25,54.0,69.95484796137569,54.0,0.16453212664563954,7.205,39.0,64.44963239756173,39.0,0.23791353307949614,8.925
ramp,best_fit_proactive,25,0.0,0.0,43.0,0.1668121484178117,7.94,1.0,0.7452970790109532,42.0,0.2311246792211081,9.92
ramp,predictive,25,34.0,47.70108228307977,34.0,0.15762685028257317,7.195,42.0,62.698960591141784,42.0,0.17359423451866046,8.125
ramp,predictive_proactive,25,0.0,0.0,38.0,0.13941991954356614,8.04,0.0,0.0,36.0,0.21002595288696108,9.69
ramp,predictive_proactive_aug,25,0.0,0.0,42.0,0.14304545863661677,7.99,0.0,0.0,42.0,0.2502735166832935,10.325
ramp,first_fit,26,38.0,48.14532287995587,38.0,0.17739391960831072,8.225,24.0,28.713241533971967,24.0,0.23033322642580237,8.76
ramp,best_fit,26,54.0,67.22614905633704,54.0,0.1849105613011112,8.215,45.0,66.19100387424189,45.0,0.1941272764351872,8.195
ramp,best_fit_proactive,26,0.0,0.0,43.0,0.1572929759101569,9.17,1.0,1.830061992148302,40.0,0.2425731637140008,10.0
ramp,predictive,26,35.0,41.98588422085622,35.0,0.17362826868895825,8.245,45.0,55.305953246747634,45.0,0.18266462826814497,8.14
ramp,predictive_proactive,26,0.0,0.0,42.0,0.1537078389952379,9.165,0.0,0.0,32.0,0.20866038532195777,9.555
ramp,predictive_proactive_aug,26,0.0,0.0,42.0,0.15367244774239436,9.165,0.0,0.0,33.0,0.2249386677159588,9.895
ramp,first_fit,27,46.0,49.85704944908646,46.0,0.16066386017938541,8.08,44.0,81.12619373743536,44.0,0.19761996207380272,9.085
ramp,best_fit,27,61.0,78.6700317931752,61.0,0.18434222472385697,8.13,67.0,117.48268386776599,67.0,0.2538032597325282,10.0
ramp,best_fit_proactive,27,0.0,0.0,51.0,0.15947716800182513,9.035,1.0,0.6896653747830754,43.0,0.2171841335744593,11.31
ramp,predictive,27,46.0,50.32784106034356,46.0,0.17526822345809376,8.095,67.0,110.23134070389705,67.0,0.27832850940756687,9.975
ramp,predictive_proactive,27,0.0,0.0,52.0,0.1428419372561864,9.08,2.0,1.6161745643347132,42.0,0.22557797530204815,10.96
ramp,predictive_proactive_aug,27,0.0,0.0,52.0,0.14970172601206588,9.08,0.0,0.0,38.0,0.22647315598503673,10.89
ramp,first_fit,28,47.0,59.48783692989673,47.0,0.174219994826597,8.235,52.0,82.13323924005958,52.0,0.23277222839443695,9.855
ramp,best_fit,28,57.0,81.44729448967394,57.0,0.17084561401485893,8.065,75.0,135.0973876538042,75.0,0.21796918022889492,9.625
ramp,best_fit_proactive,28,0.0,0.0,57.0,0.18141937346814316,9.165,1.0,1.276111626656558,47.0,0.2083123293143801,10.645
ramp,predictive,28,29.0,32.40697783336665,29.0,0.18403720922448819,8.29,63.0,72.96407127648705,63.0,0.19859028790272895,9.14
ramp,predictive_proactive,28,0.0,0.0,51.0,0.16020315120927045,9.115,3.0,1.9209928007764319,47.0,0.21202327523249923,10.995
ramp,predictive_proactive_aug,28,0.0,0.0,48.0,0.13288807102448297,9.175,1.0,1.650371141478189,42.0,0.18531503653595074,10.44
ramp,first_fit,29,58.0,86.79976377922141,58.0,0.1598849317894069,8.47,40.0,63.659930009393875,40.0,0.2920548030703214,8.565
ramp,best_fit,29,71.0,88.0548645556761,71.0,0.1534923134552211,8.44,50.0,84.93914992325152,50.0,0.25318289787371506,7.375
ramp,best_fit_proactive,29,0.0,0.0,53.0,0.1979129389652864,9.905,0.0,0.0,30.0,0.23829888071401673,8.83
ramp,predictive,29,39.0,55.293681628068086,39.0,0.14528086101621135,8.45,39.0,69.44743365068152,39.0,0.21768301328346354,7.1
ramp,predictive_proactive,29,0.0,0.0,49.0,0.1572007421478659,9.88,0.0,0.0,23.0,0.255672809974743,8.75
ramp,predictive_proactive_aug,29,0.0,0.0,50.0,0.18030476041470347,9.865,0.0,0.0,31.0,0.22888291456258172,8.79
spike,first_fit,0,50.0,54.02536620578557,50.0,0.13835111722589702,7.825,16.0,208.58202737991192,20.0,0.23584778905918924,9.435
spike,best_fit,0,67.0,87.7486325042243,67.0,0.1311336381164697,7.83,26.0,235.09505540133617,28.0,0.2595731619849531,10.865
spike,best_fit_proactive,0,0.0,0.0,44.0,0.14976412061153382,8.915,5.0,154.908200580782,34.0,0.23023263113290335,10.755
spike,predictive,0,46.0,64.28528935692196,46.0,0.15408897037326338,7.885,21.0,209.13926517458088,23.0,0.2534076514397824,11.2
spike,predictive_proactive,0,0.0,0.0,48.0,0.14449832808969262,8.83,8.0,114.10589995694835,32.0,0.2181168839371761,11.22
spike,predictive_proactive_aug,0,0.0,0.0,47.0,0.1437246023383787,8.83,6.0,125.7127740519579,33.0,0.2294760353448855,11.7
spike,first_fit,1,45.0,53.96799468631285,45.0,0.18131013951095845,8.21,22.0,40.744382267164724,22.0,0.2432298298211605,6.445
spike,best_fit,1,58.0,73.31943276463694,58.0,0.19296619364872647,8.225,25.0,53.62612794006215,25.0,0.27351383476828733,7.065
spike,best_fit_proactive,1,0.0,0.0,47.0,0.16860170658742496,9.25,2.0,19.352169612932215,37.0,0.2737664106476158,8.17
spike,predictive,1,44.0,54.65075801020876,44.0,0.20412125472816683,8.265,25.0,139.73102896247542,27.0,0.32360184685266075,7.595
spike,predictive_proactive,1,0.0,0.0,42.0,0.17670101406588323,9.305,2.0,17.89021688918146,29.0,0.22872817799606604,8.03
spike,predictive_proactive_aug,1,0.0,0.0,45.0,0.15481848612286278,9.305,1.0,10.361308158226649,31.0,0.26085735826532847,8.1
spike,first_fit,2,50.0,65.63259116668092,50.0,0.1684291890418455,8.04,17.0,31.87880257687769,17.0,0.2994023866046025,7.365
spike,best_fit,2,59.0,55.88353849224589,59.0,0.18588724982790908,8.08,19.0,76.0984311334862,20.0,0.30557689258897613,8.015
spike,best_fit_proactive,2,0.0,0.0,42.0,0.15878049096237293,9.03,2.0,14.07495142394805,28.0,0.26184750009288055,8.99
spike,predictive,2,38.0,31.404186566647823,38.0,0.16148665477945123,8.09,19.0,49.72378033110054,20.0,0.30441224829678637,7.81
spike,predictive_proactive,2,0.0,0.0,43.0,0.1517337144959218,9.05,0.0,0.0,23.0,0.23351633221372986,8.17
spike,predictive_proactive_aug,2,0.0,0.0,43.0,0.15728318490018295,9.01,2.0,9.749903612034558,25.0,0.2556295501257685,8.685
spike,first_fit,3,48.0,60.136263529834025,48.0,0.1328248407459847,7.22,26.0,122.83075649369891,27.0,0.2679732813760037,9.465
spike,best_fit,3,56.0,80.81330701733582,56.0,0.12660518965256518,7.15,17.0,154.48774967749273,17.0,0.249449687384903,9.03
spike,best_fit_proactive,3,0.0,0.0,43.0,0.16568311214067274,8.17,4.0,79.08361463392549,29.0,0.21685311284897893,10.425
spike,predictive,3,39.0,36.19941628019299,39.0,0.15183988324567885,7.32,19.0,181.69414843914626,21.0,0.2582701681335215,8.885
spike,predictive_proactive,3,0.0,0.0,42.0,0.1589661612875075,8.22,4.0,87.19980123723053,32.0,0.22635841552397196,10.1
spike,predictive_proactive_aug,3,0.0,0.0,42.0,0.14585715304609326,8.105,4.0,68.32522878956645,36.0,0.21418536747090514,10.165
spike,first_fit,4,50.0,50.385053415014696,50.0,0.12826690154491097,8.25,25.0,244.57008426857587,27.0,0.2837555521613031,7.56
spike,best_fit,4,64.0,67.72161601752748,64.0,0.1505877522582054,8.25,35.0,299.5446176621417,38.0,0.30809039724979265,8.18
spike,best_fit_proactive,4,1.0,1.946619477118091,42.0,0.1383718646140969,9.33,7.0,140.74713339465805,37.0,0.25341067104470416,9.985
spike,predictive,4,47.0,61.55557332653953,47.0,0.1381121206404422,8.25,22.0,230.60877411000217,25.0,0.2761129509268279,7.84
spike,predictive_proactive,4,1.0,1.946619477118091,46.0,0.1285764625940251,9.21,6.0,170.93782949148263,39.0,0.2632134759239379,8.83
spike,predictive_proactive_aug,4,1.0,1.946619477118091,46.0,0.19315847964256863,9.745,6.0,142.14436631399565,41.0,0.25938904773305166,9.225
spike,first_fit,5,46.0,47.53610423113132,46.0,0.1298675790871198,7.975,20.0,132.64870753128548,22.0,0.23833818594782016,8.215
spike,best_fit,5,49.0,57.79445423251492,49.0,0.15522468729575242,8.005,33.0,142.7195196042752,34.0,0.26514577197128686,8.44
spike,best_fit_proactive,5,1.0,0.6768967787584188,46.0,0.15179449134042486,8.965,4.0,58.18559798175551,35.0,0.255250565149925,10.275
spike,predictive,5,32.0,33.95199140477378,32.0,0.1476861059924395,7.995,23.0,204.01870106909655,25.0,0.28581510725478276,9.42
spike,predictive_proactive,5,0.0,0.0,44.0,0.15374916832375796,8.965,4.0,79.51116015457379,31.0,0.23551013121855927,10.29
spike,predictive_proactive_aug,5,0.0,0.0,44.0,0.15282067192455107,8.965,5.0,94.00832515223873,31.0,0.22561457102495372,10.78
spike,first_fit,6,43.0,58.264427278728476,43.0,0.19701945367601503,7.735,36.0,218.843835781468,37.0,0.24312851003494645,10.01
spike,best_fit,6,42.0,55.597320772136314,42.0,0.16289430573100913,7.34,51.0,254.89010113830292,54.0,0.2491576877199075,9.835
spike,best_fit_proactive,6,2.0,3.6910780889626125,44.0,0.18879208604297262,8.255,5.0,170.88711110289313,36.0,0.21514522116441592,11.755
spike,predictive,6,42.0,41.95647586284339,42.0,0.154760462230594,7.35,30.0,198.1743670424866,32.0,0.24531976493410165,10.23
spike,predictive_proactive,6,0.0,0.0,40.0,0.1487123175379174,8.265,4.0,124.56907239805736,42.0,0.2210490874811321,10.99
spike,predictive_proactive_aug,6,0.0,0.0,40.0,0.14956568774773796,8.265,5.0,82.80818642230336,39.0,0.21944671144806313,11.7
spike,first_fit,7,49.0,67.19152518090314,49.0,0.16534216039460525,8.05,32.0,208.98109674370318,35.0,0.2437859364754978,9.475
spike,best_fit,7,66.0,86.70363190783857,66.0,0.18570591006751186,8.035,41.0,222.12885073282536,44.0,0.2534861176589731,9.935
spike,best_fit_proactive,7,1.0,2.3903156486204864,51.0,0.1634405816632279,8.985,6.0,142.44404624262734,35.0,0.232207366371876,10.525
spike,predictive,7,42.0,46.60244754022423,42.0,0.17477342587405786,8.09,29.0,216.83065862315794,33.0,0.28119014715355595,10.615
spike,predictive_proactive,7,0.0,0.0,50.0,0.17466591415381383,9.01,6.0,137.8116651735849,36.0,0.22375891119709987,11.645
spike,predictive_proactive_aug,7,0.0,0.0,50.0,0.18437896804420062,8.98,5.0,136.0209090485368,39.0,0.2127488287670104,11.65
spike,first_fit,8,48.0,51.186444660142826,48.0,0.19143981711565014,7.74,16.0,174.73379703670608,19.0,0.2345110841430854,9.52
spike,best_fit,8,65.0,73.24412278844486,65.0,0.16121248731033533,7.315,32.0,287.04864216352735,37.0,0.2689709621384378,10.335
spike,best_fit_proactive,8,0.0,0.0,53.0,0.17522611704515564,8.675,6.0,145.50763929622013,30.0,0.2244179218833143,11.395
spike,predictive,8,33.0,33.77539477872905,33.0,0.18634111642454218,7.745,16.0,191.42024669369812,19.0,0.2769706616564743,10.235
spike,predictive_proactive,8,0.0,0.0,49.0,0.16722878407640476,8.54,5.0,143.52961083469228,29.0,0.22615604833675648,10.625
spike,predictive_proactive_aug,8,0.0,0.0,50.0,0.17676071978454208,8.55,5.0,120.01944431989935,31.0,0.2320628052203484,11.395
spike,first_fit,9,43.0,53.29624039999631,43.0,0.14078458857705783,8.07,23.0,190.19653458448977,26.0,0.2898363522326037,8.15
spike,best_fit,9,46.0,56.13984694305418,46.0,0.15347260788192252,8.08,22.0,181.541871086531,25.0,0.27120507986606573,8.695
spike,best_fit_proactive,9,0.0,0.0,41.0,0.15955427502459907,9.04,4.0,54.08871957290087,35.0,0.235927468952836,9.2
spike,predictive,9,44.0,56.15500720304341,44.0,0.14425832790372864,8.07,21.0,147.17681041033978,23.0,0.2871045464905457,8.215
spike,predictive_proactive,9,0.0,0.0,40.0,0.15936989408800414,9.3,4.0,60.557096497476735,33.0,0.27082539167852043,10.205
spike,predictive_proactive_aug,9,0.0,0.0,41.0,0.18192548030224256,9.415,2.0,64.19658296542714,32.0,0.24758102060693196,9.12
spike,first_fit,10,50.0,61.04114868651672,50.0,0.17390003070437557,7.855,19.0,204.99416513484107,22.0,0.20571617877180515,9.895
spike,best_fit,10,66.0,71.54625019027648,66.0,0.19919159803044806,7.845,29.0,177.13321209435838,32.0,0.2577077096331276,9.825
spike,best_fit_proactive,10,0.0,0.0,47.0,0.19638169528027005,8.895,5.0,93.09449369637797,39.0,0.20390285458121277,10.75
spike,predictive,10,44.0,52.60811834855495,44.0,0.18451649971901588,7.845,28.0,177.24480783735532,30.0,0.2587508509254996,10.37
spike,predictive_proactive,10,0.0,0.0,39.0,0.15752170503745153,8.83,4.0,135.12643237113429,40.0,0.20091324488820914,11.295
spike,predictive_proactive_aug,10,0.0,0.0,42.0,0.1606562965102524,8.945,3.0,82.93767791565388,28.0,0.2086325317858197,11.195
spike,first_fit,11,32.0,44.338219185448835,32.0,0.1796874651358081,7.69,23.0,92.55648491733221,23.0,0.27198290640585154,7.665
spike,best_fit,11,39.0,59.12332024136248,39.0,0.1982472058889943,7.67,35.0,163.57460690447368,37.0,0.2854562797512091,8.005
spike,best_fit_proactive,11,0.0,0.0,36.0,0.16741132548572663,8.545,3.0,35.81553171855164,29.0,0.2051957502472783,8.54
spike,predictive,11,26.0,27.26371287208852,26.0,0.19788884637667145,7.71,21.0,139.2094036200209,23.0,0.2758326560388494,8.215
spike,predictive_proactive,11,0.0,0.0,34.0,0.17790796411447246,8.745,3.0,79.21495349855304,31.0,0.2525428849305705,9.56
spike,predictive_proactive_aug,11,0.0,0.0,39.0,0.1742181134043917,8.725,3.0,87.31767935343474,31.0,0.2205916550386936,8.545
spike,first_fit,12,44.0,58.677290031413634,44.0,0.15003066774708976,8.92,10.0,34.368285952476114,10.0,0.2834193868377962,7.525
spike,best_fit,12,63.0,94.2122990579758,63.0,0.17138316132800052,8.89,19.0,82.9049521655465,19.0,0.29995171720995556,8.42
spike,best_fit_proactive,12,0.0,0.0,55.0,0.14659411661663982,9.92,1.0,7.004164370078371,20.0,0.2311874522556,8.505
spike,predictive,12,36.0,46.28980708026873,36.0,0.15715400588391046,8.94,14.0,43.13226295134946,14.0,0.27021640645479744,8.25
spike,predictive_proactive,12,0.0,0.0,50.0,0.14933863707470857,9.925,0.0,0.0,23.0,0.2504597857397478,8.05
spike,predictive_proactive_aug,12,0.0,0.0,49.0,0.1573983701787319,9.915,1.0,12.491824948130144,25.0,0.25381799491544427,9.67
spike,first_fit,13,54.0,62.82067643234733,54.0,0.15629852054831883,8.15,39.0,258.84566439615895,41.0,0.2865453635256858,10.16
spike,best_fit,13,60.0,78.92763831540613,60.0,0.17933717006711278,8.175,30.0,250.8402837425998,33.0,0.2724687636147849,11.13
spike,best_fit_proactive,13,0.0,0.0,43.0,0.15775409043003674,9.14,13.0,126.81330488468527,48.0,0.24305692904587065,9.81
spike,predictive,13,40.0,45.688875561441535,40.0,0.17776668025204462,8.195,41.0,270.4231323824225,44.0,0.27005389267988056,10.275
spike,predictive_proactive,13,0.0,0.0,39.0,0.15598688838693292,9.08,13.0,142.20156362427468,43.0,0.2245161921459539,10.825
spike,predictive_proactive_aug,13,0.0,0.0,40.0,0.13458192607853076,8.945,12.0,163.13361753943195,40.0,0.22763352633208012,10.605
spike,first_fit,14,60.0,81.27043780694413,60.0,0.13111985231378254,7.88,34.0,175.771308022533,37.0,0.27103164064261026,9.68
spike,best_fit,14,67.0,87.43048028583111,67.0,0.15538208869770903,7.885,37.0,245.77781152406504,40.0,0.2608043071713919,9.81
spike,best_fit_proactive,14,1.0,1.3977981531347865,51.0,0.18335309375256797,9.295,3.0,124.2408803988844,27.0,0.2219703644422709,10.915
spike,predictive,14,53.0,68.50225565596155,53.0,0.16687923820385092,7.905,31.0,208.56417791110573,33.0,0.25249168709612624,9.63
spike,predictive_proactive,14,1.0,1.3977981531347865,52.0,0.16145730941876404,8.9,4.0,49.16652229300993,33.0,0.2353885200165545,10.535
spike,predictive_proactive_aug,14,1.0,1.3977981531347865,54.0,0.15780310641654866,8.895,3.0,64.83400603268375,32.0,0.22345447234791244,10.855
spike,first_fit,15,67.0,72.40041040654408,67.0,0.16883716913867824,8.26,18.0,131.7904843107725,20.0,0.2706008844860505,9.77
spike,best_fit,15,82.0,112.48836812744076,82.0,0.15860203131118808,8.195,30.0,182.905997157442,32.0,0.24496721864303844,8.75
spike,best_fit_proactive,15,1.0,2.093760994027434,46.0,0.15337948123983614,9.39,2.0,41.725171872400296,32.0,0.2310781800863797,10.505
spike,predictive,15,52.0,70.74659515865285,52.0,0.15951063982862887,8.205,33.0,167.0091892884638,35.0,0.23868843616184696,8.15
spike,predictive_proactive,15,1.0,3.093523421796263,45.0,0.16532376631870382,9.495,2.0,63.55086378422364,35.0,0.24679573108873298,10.555
spike,predictive_proactive_aug,15,1.0,3.093523421796263,47.0,0.13413012235699967,9.175,3.0,23.54339810155686,34.0,0.24405010134030491,9.88
spike,first_fit,16,38.0,53.59865634103585,38.0,0.15150000329017807,8.095,20.0,86.84134167038275,20.0,0.25674489987598137,9.61
spike,best_fit,16,74.0,114.32837295198463,74.0,0.15927976558993145,8.075,41.0,204.2053938586181,43.0,0.2523982268570925,9.73
spike,best_fit_proactive,16,1.0,0.9539188134781256,53.0,0.16653440566206526,9.145,5.0,104.55431538761749,38.0,0.24882281365199732,10.905
spike,predictive,16,40.0,52.84104599053296,40.0,0.15564608848863148,8.095,38.0,209.64263313989642,41.0,0.24419523205336197,9.245
spike,predictive_proactive,16,0.0,0.0,45.0,0.16841218196160754,9.115,4.0,67.93520585169604,37.0,0.23649072173893132,10.355
spike,predictive_proactive_aug,16,0.0,0.0,48.0,0.148845068030389,8.97,2.0,72.86112313386212,31.0,0.22840876343400937,10.91
spike,first_fit,17,45.0,63.41350354963858,45.0,0.16410723660396723,8.07,22.0,205.1728604200705,25.0,0.2815887104684636,9.595
spike,best_fit,17,57.0,51.850331729116846,57.0,0.18065432601222992,8.06,33.0,178.62522696008622,35.0,0.26438036891255823,9.82
spike,best_fit_proactive,17,0.0,0.0,41.0,0.15821444454872685,8.995,4.0,137.37983100815586,39.0,0.20973946867596016,9.675
spike,predictive,17,43.0,44.061712402438815,43.0,0.16203524996099194,8.08,30.0,176.82978668726182,32.0,0.26583260802244124,9.75
spike,predictive_proactive,17,0.0,0.0,40.0,0.14968235104700472,8.885,4.0,97.1550790452181,41.0,0.2519079142236456,10.695
spike,predictive_proactive_aug,17,0.0,0.0,42.0,0.1507914602491266,8.885,6.0,108.98528430024746,39.0,0.25679324316567786,10.56
spike,first_fit,18,49.0,64.55660904881599,49.0,0.18442344126871696,8.805,48.0,291.5162344686962,42.0,0.2644582714307595,9.735
spike,best_fit,18,67.0,99.3937082898138,67.0,0.1464134244138561,8.46,56.0,308.56660270381917,42.0,0.25563578782594054,9.94
spike,best_fit_proactive,18,0.0,0.0,49.0,0.14279673216830874,9.685,39.0,418.5865706731247,49.0,0.22394181813614772,10.675
spike,predictive,18,47.0,57.17249584174286,47.0,0.18503571087655096,8.785,55.0,287.92596706275316,32.0,0.25370266634571914,10.18
spike,predictive_proactive,18,0.0,0.0,51.0,0.13304804201283585,9.645,41.0,240.5527676990664,51.0,0.2155360217952591,10.765
spike,predictive_proactive_aug,18,0.0,0.0,51.0,0.15997086289923268,9.8,34.0,508.1444326191081,42.0,0.226015156859469,10.925
spike,first_fit,19,63.0,79.37447747500067,63.0,0.14433884346536668,8.65,18.0,187.58290152155757,20.0,0.22162067841807293,10.26
spike,best_fit,19,53.0,67.98884232737085,53.0,0.16268895244696296,8.68,25.0,201.26520202253027,27.0,0.25464618397808325,10.205
spike,best_fit_proactive,19,0.0,0.0,53.0,0.1664503646537743,9.72,23.0,263.89681988050137,31.0,0.21665759906913779,9.86
spike,predictive,19,55.0,57.16827376069811,55.0,0.13930600071579632,8.675,15.0,157.15004272827275,13.0,0.2504771747004748,11.33
spike,predictive_proactive,19,0.0,0.0,46.0,0.13347660715465076,9.8,14.0,122.19632518249598,41.0,0.22587388170912084,10.075
spike,predictive_proactive_aug,19,0.0,0.0,45.0,0.15830410629079475,9.755,14.0,172.38063462741928,29.0,0.2106147115212095,11.115
spike,first_fit,20,42.0,42.70919121788367,42.0,0.18631890021019623,7.225,22.0,79.81921578842885,23.0,0.2768642052797323,7.985
spike,best_fit,20,49.0,46.39156553354745,49.0,0.1947102178035198,7.235,36.0,156.69135159769735,38.0,0.2567184551593185,7.91
spike,best_fit_proactive,20,0.0,0.0,36.0,0.14321717386111554,8.035,2.0,31.979330897349755,34.0,0.22973786066979796,8.315
spike,predictive,20,32.0,40.33653026124652,32.0,0.19703095751360578,7.255,29.0,149.39086530633801,30.0,0.25393199427933194,8.225
spike,predictive_proactive,20,0.0,0.0,37.0,0.16462887384672834,7.995,4.0,96.84137454106812,40.0,0.2506576150903802,8.86
spike,predictive_proactive_aug,20,0.0,0.0,36.0,0.15939583819183104,8.015,4.0,104.07925280520102,41.0,0.2459519423126407,9.8
spike,first_fit,21,61.0,83.28752644059917,61.0,0.13680560473316716,7.98,23.0,194.82433597047034,25.0,0.2756762859207586,8.035
spike,best_fit,21,77.0,96.88150023289225,77.0,0.1436600458439464,7.97,34.0,226.409811773816,36.0,0.27164001812808924,8.255
spike,best_fit_proactive,21,0.0,0.0,43.0,0.13351218226318984,8.81,5.0,163.783461656546,33.0,0.28566967195504467,9.9
spike,predictive,21,45.0,44.366142790674616,45.0,0.1523862093408707,8.09,17.0,199.56953540781495,19.0,0.2657759673134047,8.97
spike,predictive_proactive,21,0.0,0.0,41.0,0.15661442754198404,9.31,5.0,131.59885111899982,40.0,0.22592776095278913,8.35
spike,predictive_proactive_aug,21,0.0,0.0,38.0,0.16550619027276972,9.31,4.0,148.56662371689754,34.0,0.26476746450798866,9.08
spike,first_fit,22,50.0,53.92730362181979,50.0,0.13969032549932772,7.955,21.0,85.52786511198155,21.0,0.2391063917204505,8.345
spike,best_fit,22,64.0,81.22906360072997,64.0,0.1650534943160254,8.03,29.0,91.12693857195534,29.0,0.29773349928131215,8.86
spike,best_fit_proactive,22,0.0,0.0,49.0,0.15948426578058864,9.13,5.0,31.831821935773192,30.0,0.24123647087856898,9.77
spike,predictive,22,47.0,44.78704642399276,47.0,0.22055250371688942,8.475,26.0,68.81131783397244,26.0,0.2808768866316582,8.595
spike,predictive_proactive,22,0.0,0.0,48.0,0.1288920596042283,8.855,1.0,69.81131596129654,26.0,0.2318305406558,9.59
spike,predictive_proactive_aug,22,0.0,0.0,50.0,0.17131473915761483,9.285,1.0,37.29453829577477,24.0,0.22848335587126894,9.32
spike,first_fit,23,57.0,67.4594136737253,57.0,0.12100763295598042,8.065,34.0,221.26789592536707,37.0,0.2502242066846867,9.73
spike,best_fit,23,65.0,85.9545870304542,65.0,0.135108967249922,8.065,34.0,315.007733453852,39.0,0.2648511429526888,9.715
spike,best_fit_proactive,23,0.0,0.0,55.0,0.1720060021678319,9.365,7.0,153.95959209897808,33.0,0.1833622012088874,10.125
spike,predictive,23,42.0,46.07745115171062,42.0,0.18415493900154167,8.51,33.0,275.35411465957577,37.0,0.22941689139844051,9.55
spike,predictive_proactive,23,0.0,0.0,49.0,0.16093105241410405,9.415,13.0,160.99701214597835,41.0,0.20252999070519223,10.835
spike,predictive_proactive_aug,23,0.0,0.0,51.0,0.15223275080995435,9.36,13.0,135.4933002832038,44.0,0.21140458440771515,10.695
spike,first_fit,24,42.0,51.17962263086538,42.0,0.1843069888347536,7.34,40.0,193.91946006772073,41.0,0.2144259402554865,8.37
spike,best_fit,24,45.0,52.02383647752285,45.0,0.19030844299916524,7.34,31.0,209.64163984935598,34.0,0.21494762672359946,8.295
spike,best_fit_proactive,24,1.0,0.8066389174081081,36.0,0.1732076424511506,8.3,2.0,102.48692572964444,40.0,0.23740909877714267,10.755
spike,predictive,24,31.0,34.08659829807095,31.0,0.1887355671747352,7.38,36.0,170.78951060354132,37.0,0.270395460507233,9.22
spike,predictive_proactive,24,1.0,0.8066389174081081,37.0,0.18273207647319778,8.235,4.0,116.43092547922427,42.0,0.19130875007292544,9.595
spike,predictive_proactive_aug,24,0.0,0.0,39.0,0.19314752374110936,8.23,5.0,121.52895122661496,45.0,0.25069150803996887,9.745
spike,first_fit,25,45.0,54.801364407683295,45.0,0.15822699068086643,7.205,19.0,135.76078919270054,22.0,0.2651345112312245,8.395
spike,best_fit,25,54.0,69.95484796137569,54.0,0.16453212664563954,7.205,22.0,148.80627079232667,24.0,0.2840221400653823,9.395
spike,best_fit_proactive,25,0.0,0.0,43.0,0.1668121484178117,7.94,5.0,43.313834880280794,37.0,0.2490035788231421,9.905
spike,predictive,25,34.0,47.70108228307977,34.0,0.15762685028257317,7.195,18.0,133.35832641503924,20.0,0.2468076883417043,8.975
spike,predictive_proactive,25,0.0,0.0,38.0,0.13941991954356614,8.04,3.0,61.81077724285815,32.0,0.24032457927157513,10.39
spike,predictive_proactive_aug,25,0.0,0.0,42.0,0.14304545863661677,7.99,2.0,77.79618144652574,35.0,0.2558818281004923,9.23
spike,first_fit,26,38.0,48.14532287995587,38.0,0.17739391960831072,8.225,19.0,48.882926414283574,19.0,0.27126731524920455,7.545
spike,best_fit,26,54.0,67.22614905633704,54.0,0.1849105613011112,8.215,25.0,96.74200430330984,26.0,0.26544277934017463,8.54
spike,best_fit_proactive,26,0.0,0.0,43.0,0.1572929759101569,9.17,3.0,54.022967048402165,29.0,0.2476718376604797,9.935
spike,predictive,26,35.0,41.98588422085622,35.0,0.17362826868895825,8.245,18.0,78.46717487866961,18.0,0.24010727037474575,7.53
spike,predictive_proactive,26,0.0,0.0,42.0,0.1537078389952379,9.165,3.0,47.27809374254038,29.0,0.2612559422730206,9.585
spike,predictive_proactive_aug,26,0.0,0.0,42.0,0.15367244774239436,9.165,3.0,47.27809374254038,30.0,0.2619308384350812,9.585
spike,first_fit,27,46.0,49.85704944908646,46.0,0.16066386017938541,8.08,16.0,164.059308160606,18.0,0.2658526582685831,8.75
spike,best_fit,27,61.0,78.6700317931752,61.0,0.18434222472385697,8.13,32.0,249.29722436763436,37.0,0.26504614000954657,8.98
spike,best_fit_proactive,27,0.0,0.0,51.0,0.15947716800182513,9.035,5.0,169.76059424993576,30.0,0.2449272430778679,10.225
spike,predictive,27,46.0,50.32784106034356,46.0,0.17526822345809376,8.095,33.0,271.92495626814605,37.0,0.2945834508043639,9.58
spike,predictive_proactive,27,0.0,0.0,52.0,0.1428419372561864,9.08,5.0,147.7345077280093,33.0,0.2522939744019,10.07
spike,predictive_proactive_aug,27,0.0,0.0,52.0,0.14970172601206588,9.08,4.0,70.61613185267838,33.0,0.2395709939886239,10.685
spike,first_fit,28,47.0,59.48783692989673,47.0,0.174219994826597,8.235,28.0,182.6858604758402,31.0,0.256007483255792,9.12
spike,best_fit,28,57.0,81.44729448967394,57.0,0.17084561401485893,8.065,36.0,244.5071387413517,40.0,0.2621086452505345,10.0
spike,best_fit_proactive,28,0.0,0.0,57.0,0.18141937346814316,9.165,5.0,105.95021917109487,35.0,0.21383420330272604,10.5
spike,predictive,28,29.0,32.40697783336665,29.0,0.18403720922448819,8.29,28.0,178.0880359564794,29.0,0.2525044760146132,9.62
spike,predictive_proactive,28,0.0,0.0,51.0,0.16020315120927045,9.115,3.0,103.32356721931536,30.0,0.24499311538154717,11.025
spike,predictive_proactive_aug,28,0.0,0.0,48.0,0.13288807102448297,9.175,5.0,99.57709218429206,31.0,0.21034868416162908,10.71
spike,first_fit,29,58.0,86.79976377922141,58.0,0.1598849317894069,8.47,15.0,175.5557976903109,17.0,0.26101657355552205,7.125
spike,best_fit,29,71.0,88.0548645556761,71.0,0.1534923134552211,8.44,14.0,110.32128388768338,15.0,0.2576181638441152,7.66
spike,best_fit_proactive,29,0.0,0.0,53.0,0.1979129389652864,9.905,4.0,90.01941854250998,25.0,0.2756652546337595,8.49
spike,predictive,29,39.0,55.293681628068086,39.0,0.14528086101621135,8.45,11.0,149.33810363973842,14.0,0.2858163027494771,6.985
spike,predictive_proactive,29,0.0,0.0,49.0,0.1572007421478659,9.88,3.0,59.753918522520905,19.0,0.24046875784923052,8.41
spike,predictive_proactive_aug,29,0.0,0.0,50.0,0.18030476041470347,9.865,4.0,64.76163474228385,26.0,0.2543048994581775,8.665
