,,overload_events_pre,overload_events_pre,unserved_pre,unserved_pre,migrations_pre,migrations_pre,util_std_pre,util_std_pre,active_hosts_pre,active_hosts_pre,overload_events_post,overload_events_post,unserved_post,unserved_post,migrations_post,migrations_post,util_std_post,util_std_post,active_hosts_post,active_hosts_post
,,mean,std,mean,std,mean,std,mean,std,mean,std,mean,std,mean,std,mean,std,mean,std,mean,std
scenario,policy,,,,,,,,,,,,,,,,,,,,
none,best_fit,59.9,10.151779188381473,76.00297518959744,17.60310654897108,59.9,10.151779188381473,0.1667944584643369,0.020102112565811424,7.964666666666667,0.4297511977342506,16.933333333333334,6.0852185710516,20.642554583295144,9.143853181197644,16.933333333333334,6.0852185710516,0.27144623848147886,0.025875850350731963,7.258666666666667,0.5764456090819715
none,best_fit_proactive,0.3,0.5349830806219241,0.4652342290502688,0.9282946652989383,46.43333333333333,5.88207876304905,0.16344068223858446,0.01581534519124555,9.006666666666666,0.5075317780662868,0.0,0.0,0.0,0.0,21.966666666666665,4.3110390245582755,0.24885933397694282,0.02224011400365627,8.197833333333334,0.6171789034393306
none,first_fit,48.666666666666664,7.778544023558445,60.02559449163243,11.507906625462118,48.666666666666664,7.778544023558445,0.15921327221514395,0.02132270872746063,8.009,0.4173467094180437,14.033333333333333,5.365813453987056,16.085373319705315,6.7274773231547975,14.033333333333333,5.365813453987056,0.2537988086209266,0.025937989049992335,7.253166666666667,0.4575543746344542
none,predictive,40.766666666666666,7.171222823313273,47.341622298463854,11.174896510803862,40.766666666666666,7.171222823313273,0.16939696239721416,0.020702706216342046,8.049333333333333,0.4413531960665525,12.433333333333334,4.6880871279809035,13.952547306426318,5.149560964028288,12.433333333333334,4.6880871279809035,0.27876724094843375,0.029253637060986472,7.389166666666667,0.6070478072029295
none,predictive_proactive,0.13333333333333333,0.3457459036417604,0.24148599898190828,0.7001048182299071,44.3,5.140441414026083,0.1554509763424143,0.01410219643306523,9.006833333333333,0.5098875523995015,0.0,0.0,0.0,0.0,21.666666666666668,3.98560628653463,0.2461136246627468,0.019024653150399487,8.2505,0.6592136773564342
none,predictive_proactive_aug,0.1,0.30512857662936466,0.2145980350683047,0.6931060705794696,45.1,4.780347700526713,0.1592734124090634,0.016336424932626017,9.021833333333335,0.5339402706704917,0.0,0.0,0.0,0.0,22.366666666666667,4.197563606413257,0.2450116041258301,0.02404233353453891,8.101666666666667,0.6937595396465366
ramp,best_fit,59.9,10.151779188381473,76.00297518959744,17.60310654897108,59.9,10.151779188381473,0.1667944584643369,0.020102112565811424,7.964666666666667,0.4297511977342506,62.4,15.08504626077279,110.90250997506978,30.67955626701913,62.4,15.08504626077279,0.22932548413663453,0.030671515434701355,9.193999999999999,0.8909452554875984
ramp,best_fit_proactive,0.3,0.5349830806219241,0.4652342290502688,0.9282946652989383,46.43333333333333,5.88207876304905,0.16344068223858446,0.01581534519124555,9.006666666666666,0.5075317780662868,0.8333333333333334,1.1768846465411842,0.802437603396586,1.3498222869324792,41.96666666666667,6.759327314690895,0.21426603751916087,0.0234608852512906,10.277,0.8183041758037967
ramp,first_fit,48.666666666666664,7.778544023558445,60.02559449163243,11.507906625462118,48.666666666666664,7.778544023558445,0.15921327221514395,0.02132270872746063,8.009,0.4173467094180437,41.7,10.472130501544532,74.55110197054893,25.34962885087053,41.7,10.472130501544532,0.2140861506627398,0.03396398876677552,9.245166666666668,0.8087191696765317
ramp,predictive,40.766666666666666,7.171222823313273,47.341622298463854,11.174896510803862,40.766666666666666,7.171222823313273,0.16939696239721416,0.020702706216342046,8.049333333333333,0.4413531960665525,51.56666666666667,12.861820896809643,87.69706182443598,27.454856547421702,51.56666666666667,12.861820896809643,0.2194022224033026,0.031243457313281302,9.095666666666666,0.889302063935275
ramp,predictive_proactive,0.13333333333333333,0.3457459036417604,0.24148599898190828,0.7001048182299071,44.3,5.140441414026083,0.1554509763424143,0.01410219643306523,9.006833333333333,0.5098875523995015,0.6,0.9321831993987981,0.5324443469158135,0.9588930242411609,39.9,7.466476803825817,0.20767067611084833,0.02056469365068455,10.316,0.9140110540341135
ramp,predictive_proactive_aug,0.1,0.30512857662936466,0.2145980350683047,0.6931060705794696,45.1,4.780347700526713,0.1592734124090634,0.016336424932626017,9.021833333333335,0.5339402706704917,0.5333333333333333,1.0742546199601597,0.6149005570097401,1.9430360518822647,39.43333333333333,6.20168683022852,0.2035684563757104,0.02644229307556722,10.216666666666667,0.8467934786016591
spike,best_fit,59.9,10.151779188381473,76.00297518959744,17.60310654897108,59.9,10.151779188381473,0.1667944584643369,0.020102112565811424,7.964666666666667,0.4297511977342506,30.966666666666665,9.18951176269891,191.71772176708342,71.65818587016891,32.666666666666664,8.844765969626968,0.2664238255894509,0.019351898752947183,9.121333333333332,0.9986662945228961
spike,best_fit_proactive,0.3,0.5349830806219241,0.4652342290502688,0.9282946652989383,46.43333333333333,5.88207876304905,0.16344068223858446,0.01581534519124555,9.006666666666666,0.5075317780662868,6.2,7.401770524445602,109.31661446478451,83.67299613052165,33.8,6.03666955450974,0.23477098401562407,0.022825379676254774,9.9845,0.9223109562398137
spike,first_fit,48.666666666666664,7.778544023558445,60.02559449163243,11.507906625462118,48.666666666666664,7.778544023558445,0.15921327221514395,0.02132270872746063,8.009,0.4173467094180437,24.033333333333335,8.723663155496933,157.52510700921374,69.35840392823687,25.533333333333335,8.311742144175573,0.258969780004691,0.023089539850963018,8.7645,1.055052172267749
spike,predictive,40.766666666666666,7.171222823313273,47.341622298463854,11.174896510803862,40.766666666666666,7.171222823313273,0.16939696239721416,0.020702706216342046,8.049333333333333,0.4413531960665525,26.0,9.355065012030135,176.0247041811434,62.24718215505277,27.066666666666666,8.204007991612196,0.266422103067767,0.02105844388703481,9.156333333333333,1.1233907519688753
spike,predictive_proactive,0.13333333333333333,0.3457459036417604,0.24148599898190828,0.7001048182299071,44.3,5.140441414026083,0.1554509763424143,0.01410219643306523,9.006833333333333,0.5098875523995015,5.866666666666666,7.4451249188627635,97.62641365615704,52.710328911716566,34.43333333333333,7.049985734068879,0.23430829268126788,0.018589241889120964,9.984166666666665,1.0405528067705938
spike,predictive_proactive_aug,0.1,0.30512857662936466,0.2145980350683047,0.6931060705794696,45.1,4.780347700526713,0.1592734124090634,0.016336424932626017,9.021833333333335,0.5339402706704917,5.566666666666666,6.262550616951936,101.89895025672425,88.67775783308898,33.733333333333334,5.765135003553291,0.23601131840104847,0.018428194991655416,10.143166666666668,1.0273329072403212
